<?xml version="1.0" encoding="utf-8"?>
<extension version="3.8" type="plugin" group="content" method="upgrade">
	<name>PLG_CONTENT_OPENGRAPH_XML</name>
	<author>Dan Barto</author>
	<creationDate>December 2017</creationDate>
	<copyright>Copyright (C) 2014 - 2017 Papiando. All rights reserved.</copyright>
	<license>GNU General Public License version 3</license>
	<authorEmail>admin@papiando.com</authorEmail>
	<authorUrl>www.papiando.com</authorUrl>
	<version>1.0.5</version>
	<description>PLG_CONTENT_OPENGRAPH_XML_DESCRIPTION</description>
	<updateservers>
		<server type="extension" name="opengraph" priority="1">https://github.com/papiando/joomla-extensions/releases/download/latest/plg_content_opengraph.xml</server>
	</updateservers>
	<languages folder="language">
		<language tag="en-GB">en-GB.plg_content_opengraph.sys.ini</language>
	</languages>
	<files>
		<filename plugin="opengraph">opengraph.php</filename>
		<filename>index.html</filename>
		<filename>license.txt</filename>
		<folder>language</folder>
	</files>
	<config>
		<fields name="params">
			<fieldset name="basic">
				<field name="type" type="text" default="Article" description="PLG_CONTENT_OPENGRAPH_TYPE_DESCRIPTION" label="PLG_CONTENT_OPENGRAPH_TYPE_LABEL" />
				<field name="fbappid" type="text" default="" description="PLG_CONTENT_OPENGRAPH_FBAPPID_DESCRIPTION" label="PLG_CONTENT_OPENGRAPH_FBAPPID_LABEL" />
				<field name="fbpageid" type="text" default="" description="PLG_CONTENT_OPENGRAPH_FBPAGEID_DESCRIPTION" label="PLG_CONTENT_OPENGRAPH_FBPAGEID_LABEL" />
			</fieldset>
		</fields>
	</config>
</extension>